User Message,Answer
Chị muốn hỏi về chính sách bảo hành pin điện thoại mua ở shop mình.,"Chào chị! Về chính sách bảo hành pin điện thoại mua tại FPT Shop, tất cả các sản phẩm đều được bảo hành theo đúng chính sách của nhà sản xuất. Thông thường, pin điện thoại sẽ có thời gian bảo hành từ 6 tháng đến 1 năm, tùy thuộc vào từng hãng sản xuất.

Chị có thể mang sản phẩm đến bất kỳ cửa hàng FPT Shop nào để được hỗ trợ bảo hành. Nếu chị cần thêm thông tin chi tiết hoặc có câu hỏi khác, chị vui lòng cho em biết nhé!"
"Anh mua cái màn hình máy tính, giờ nó bị sọc thì bảo hành sao em?","Nếu màn hình máy tính của anh bị sọc và vẫn còn trong thời gian bảo hành, anh có thể mang sản phẩm đến FPT Shop để được kiểm tra. Nếu lỗi do nhà sản xuất, FPT Shop sẽ gửi máy đi bảo hành theo quy định của hãng. Anh cũng có thể xem xét việc đổi hoặc trả sản phẩm, nhưng sẽ cần kiểm tra tình trạng máy và sẽ có phí khấu hao nếu sản phẩm đã sử dụng.

Nếu anh cần thêm thông tin hoặc hỗ trợ, hãy cho em biết nhé!"
"Tôi mới mua con chuột máy tính hôm qua mà giờ thấy không ưng ý, có được đổi con khác không shop?","Chào bạn! Nếu bạn mới mua con chuột máy tính hôm qua và không ưng ý, bạn có thể đổi sang sản phẩm khác trong vòng 365 ngày kể từ ngày mua. Tuy nhiên, FPT Shop sẽ kiểm tra tình trạng của sản phẩm và áp dụng phí khấu hao là 30% trong tháng đầu tiên. 

Bạn có cần hỗ trợ gì thêm không ạ? Nếu bạn cần tìm một loại chuột khác, bên mình có nhiều lựa chọn để bạn tham khảo!"
"Điện thoại của chị tự nhiên không nhận sạc, phải làm sao đây em?","Chị ơi, trước tiên em cần biết điện thoại của chị là thương hiệu gì, như Samsung, iPhone hay thương hiệu khác? Điều này sẽ giúp em tư vấn chính xác hơn cho chị."
Sao gọi hotline không ai bắt máy?,"Xin chào! Rất tiếc khi nghe rằng anh/chị không thể liên lạc được với hotline. Đôi khi có thể do lượng cuộc gọi quá đông hoặc sự cố kỹ thuật. Anh/chị có thể thử gọi lại sau một thời gian hoặc liên hệ qua email cskh@fptshop.com để được hỗ trợ nhanh chóng.

Nếu anh/chị cần hỗ trợ về sản phẩm nào, như điện thoại, laptop hay phụ kiện công nghệ, hãy cho em biết để em có thể giúp đỡ thêm!"
Laptop của mình mới mua sao vào wifi chập chờn quá shop ơi.,"Chào bạn! Rất tiếc khi nghe rằng laptop của bạn gặp vấn đề với kết nối Wi-Fi. Để giúp bạn tốt hơn, bạn có thể cho mình biết thương hiệu của laptop bạn đang sử dụng không? Ví dụ như Dell, HP, Lenovo, v.v. Cảm ơn bạn!"
Anh đặt hàng online thì bao lâu nhận được hàng ở Thủ Đức vậy em?,"Thời gian giao hàng đến Thủ Đức thường sẽ được thực hiện trong vòng 1-2 ngày làm việc, tùy thuộc vào thời điểm đặt hàng và tình trạng hàng hóa. Nếu anh đặt hàng trước 20h00, FPT Shop sẽ giao hàng trong thời gian sớm nhất có thể. Anh có cần hỗ trợ gì thêm không ạ?"
Anh muốn xem bảng giá sửa chữa điện thoại thì vào đâu em?,"Anh muốn xem bảng giá sửa chữa điện thoại thì có thể tham khảo [bảng giá sửa chữa](https://fptshop.com.vn/ho-tro/bang-gia-sua-chua). 

Ngoài ra, anh có thể cho em biết thương hiệu điện thoại mà anh đang quan tâm không?"
"Chị mua cái máy xay sinh tố mà không biết dùng, shop hướng dẫn chị với.","Chào chị! Để sử dụng máy xay sinh tố, chị có thể tham khảo sách hướng dẫn sử dụng kèm theo sản phẩm. Nếu chị cần thêm thông tin hoặc hướng dẫn cụ thể, chị có thể gọi vào tổng đài 1800.6601 nhánh số 2 để gặp điện thoại viên hỗ trợ thêm. 

Nếu chị cần tìm hiểu thêm về các sản phẩm khác hoặc có câu hỏi nào khác, hãy cho em biết nhé!"
"Cho tui hỏi , FPT Shop có chính sách giao hàng miễn phí trong vòng 20km, nhưng phí giao hàng cho các đơn hàng dưới 100,000 VNĐ là bao nhiêu?","Phí giao hàng cho các đơn hàng dưới 100.000 VNĐ là 10.000 VNĐ. Nếu anh/chị có thêm câu hỏi nào khác hoặc cần hỗ trợ về sản phẩm, vui lòng cho em biết nhé!"
Cô muốn xem giá thay linh kiện cho sản phẩm đã mua tại FPT Shop,"Quý khách có thể tham khảo [bảng giá sửa chữa](https://fptshop.com.vn/ho-tro/bang-gia-sua-chua) để xem giá thay linh kiện cho sản phẩm đã mua tại FPT Shop. Nếu cần thêm thông tin gì, xin vui lòng cho tôi biết!"
Anh muốn đặt mua cái tai nghe Sony WH-1000XM5 online thì làm thế nào em?,"Để đặt mua tai nghe Sony WH-1000XM5 online tại FPT Shop, anh có thể làm theo các bước sau:

Bước 1: Truy cập vào trang chủ của [FPT Shop](https://fptshop.com.vn/).

Bước 2: Gõ vào thanh tìm kiếm ""Sony WH-1000XM5"" và nhấn Enter. Hệ thống sẽ hiển thị sản phẩm mà anh đang tìm.

Bước 3: Click vào sản phẩm tai nghe Sony WH-1000XM5 để xem chi tiết và thông số kỹ thuật.

Bước 4: Nếu anh muốn mua, hãy nhấn vào nút 'MUA NGAY'. Kiểm tra giỏ hàng để đảm bảo sản phẩm đã được thêm vào.

Bước 5: Điền thông tin đặt hàng, chọn phương thức giao hàng (giao hàng tận nơi hoặc nhận tại cửa hàng) và điền thông tin cá nhân.

Bước 6: Chọn hình thức thanh toán mà anh mong muốn (tiền mặt khi nhận hàng, thẻ ATM, thẻ tín dụng, hoặc các hình thức khác).

Bước 7: Nhấn 'Đặt hàng' để hoàn tất đơn hàng. Nhân viên FPT Shop sẽ gọi điện xác nhận đơn hàng của anh trong thời gian sớm nhất.

Nếu anh cần thêm thông tin hoặc hỗ trợ gì khác, hãy cho em biết nhé!"
"Tui vừa thanh toán đơn hàng #56789 bằng thẻ tín dụng mà thấy báo lỗi, tiền thì bị trừ rồi. Shop kiểm tra giúp tui.","Chào bạn! Rất tiếc về sự cố mà bạn gặp phải khi thanh toán đơn hàng #56789. Để kiểm tra và hỗ trợ bạn tốt nhất, bạn vui lòng liên hệ với tổng đài 1800.6616 để được nhân viên tư vấn hỗ trợ kiểm tra tình trạng đơn hàng và giao dịch của bạn nhé. Cảm ơn bạn đã thông báo!"
"Tôi thấy có quảng cáo mua laptop được tặng balo, chương trình này còn không?","Chào bạn! Chương trình tặng balo khi mua laptop có thể thay đổi theo từng thời điểm. Bạn có thể cho tôi biết bạn đang quan tâm đến thương hiệu laptop nào như Dell, HP, Lenovo, v.v. để tôi có thể kiểm tra thông tin cụ thể cho bạn nhé!"
"Tôi mới nhận được cái nồi chiên không dầu mà thấy nó bị móp ở góc, giờ sao shop?","Chào bạn! Nếu bạn đã nhận được nồi chiên không dầu và thấy bị móp ở góc, FPT Shop sẽ không đổi sản phẩm mới hoặc hoàn tiền nếu sản phẩm đã được kích hoạt bảo hành điện tử hoặc sau khi nhân viên giao hàng đã rời đi. Trong trường hợp này, bạn có thể liên hệ với chúng tôi để được hỗ trợ chuyển sản phẩm đến hãng để thẩm định và xử lý.

Nếu bạn cần thêm thông tin hoặc hỗ trợ gì khác, hãy cho tôi biết nhé!"
Ok cảm ơn em nhiều nha.,"Dạ, không có gì ạ! Anh/chị có cần hỗ trợ gì thêm không ạ? Hiện bên em có một số loại sản phẩm như: điện thoại, laptop, máy tính bảng, và phụ kiện công nghệ. Nếu anh/chị có nhu cầu gì cụ thể, em rất sẵn lòng giúp đỡ!"
Thời tiết Sài Gòn hôm nay sao em nhỉ?,"Xin lỗi, em không thể cung cấp thông tin về thời tiết. Nhưng nếu anh/chị cần hỗ trợ gì về sản phẩm công nghệ, bên em có nhiều loại như điện thoại, laptop, máy tính bảng, và phụ kiện công nghệ khác. Anh/chị có cần tìm hiểu thêm về sản phẩm nào không ạ?"
Chào em.,"Chào anh/chị! Anh/chị có cần hỗ trợ gì không ạ? Hiện bên em có một số loại sản phẩm như: điện thoại, laptop, máy tính bảng, phụ kiện công nghệ, và nhiều sản phẩm khác. Anh/chị đang tìm kiếm sản phẩm nào cụ thể không ạ?"
Shop mình có cửa hàng ở quận 7 không?,"Hiện tại, FPT Shop không có cửa hàng ở quận 7. Tuy nhiên, bạn có thể tìm kiếm các cửa hàng gần nhất qua trang web của chúng tôi tại [FPTShop](https://fptshop.com.vn/cua-hang). Nếu bạn cần hỗ trợ gì thêm, hãy cho tôi biết nhé!"
Dạo này shop có gì mới không em?,"Chào anh/chị! Hiện tại bên em có nhiều sản phẩm mới và hấp dẫn. Anh/chị có cần hỗ trợ gì không ạ? Một số loại sản phẩm mới mà em có thể giới thiệu bao gồm: điện thoại thông minh, laptop, máy tính bảng và các thiết bị công nghệ khác. Nếu anh/chị có nhu cầu cụ thể, em sẽ giúp tìm sản phẩm phù hợp nhất!"
Dịch vụ bên mình tốt quá.,"Cảm ơn bạn đã khen ngợi dịch vụ của chúng tôi! Anh/chị có cần hỗ trợ gì không ạ? Hiện bên em có một số loại sản phẩm như: điện thoại, laptop, máy tính bảng, và phụ kiện công nghệ. Nếu anh/chị có nhu cầu tìm hiểu thêm về sản phẩm nào, hãy cho em biết nhé!"
Giá sao em?,"Chào anh/chị! Anh/chị đang quan tâm đến sản phẩm nào ạ? Hiện bên em có nhiều loại sản phẩm như điện thoại, laptop, máy tính bảng, và phụ kiện công nghệ. Nếu anh/chị cho biết cụ thể hơn, em sẽ giúp anh/chị tìm hiểu giá cả và thông tin chi tiết nhé!"
Thôi tui không hỏi gì nữa đâu.,"Anh/chị có cần hỗ trợ gì không ạ? Nếu có nhu cầu, bên em có nhiều loại sản phẩm công nghệ như điện thoại, laptop, máy tính bảng, và phụ kiện công nghệ. Nếu cần thêm thông tin, đừng ngần ngại hỏi nhé!"
Shop mở cửa lúc mấy giờ vậy?,"Chào bạn! FPT Shop thường mở cửa từ 8h30 đến 21h00 hàng ngày. Nếu bạn cần thêm thông tin gì khác hoặc muốn tìm hiểu về sản phẩm, hãy cho mình biết nhé!"
Chú muốn xác minh tính chính hãng của sản phẩm Apple mua tại FPT Shop thì phải làm sao?,"Để xác minh tính chính hãng của sản phẩm Apple mà chú đã mua tại FPT Shop, chú có thể truy cập vào trang web của Apple để kiểm tra thông tin sản phẩm. Chú hãy vào [đây](https://checkcoverage.apple.com/) và nhập số seri của sản phẩm để xác nhận tính chính hãng. Nếu cần thêm hỗ trợ, chú có thể liên hệ với chúng tôi qua hotline 1800.6601."
Sao điện thoại của tôi tụt nhanh quá vậy?,"Bạn có thể cho tôi biết điện thoại của bạn là thương hiệu gì không? Ví dụ như Samsung, iPhone, hay thương hiệu khác? Điều này sẽ giúp tôi tư vấn tốt hơn cho bạn."
Nếu cô không hài lòng với sản phẩm khi giao tận nhà thì có thể từ chối mua không?,"Nếu cô không hài lòng với sản phẩm khi giao tận nhà, cô có thể từ chối mua hàng mà không mất bất cứ chi phí nào. Tuy nhiên, nếu sản phẩm còn nguyên seal và cô muốn bóc seal, cô sẽ phải thanh toán 100% giá trị sản phẩm. Nếu không ưng ý, FPT Shop sẽ hỗ trợ đổi sản phẩm theo chính sách đổi trả. 

Cô có cần hỗ trợ gì thêm không ạ? Hiện bên em có một số loại sản phẩm như: điện thoại, laptop, máy tính bảng,..."
Làm sao để tra cứu thông tin đơn hàng thành công tại FPT Shop?,"Để tra cứu thông tin đơn hàng đã đặt thành công tại FPT Shop, Quý khách có thể truy cập [tại đây](https://fptshop.com.vn/tai-khoan/don-hang-cua-toi). Tại trang này, Quý khách sẽ thấy thông tin chi tiết về đơn hàng của mình. Nếu cần thêm hỗ trợ, vui lòng cho em biết!"
Tôi có thể liên hệ với chi nhánh FPT Shop nào để được cung cấp điện thoại mượn trong thời gian bảo hành?,"Quý khách có thể liên hệ với chi nhánh FPT Shop nơi mà quý khách đã gửi máy đi bảo hành để được tư vấn và hỗ trợ mượn điện thoại khác trong thời gian chờ bảo hành. Nếu cần thêm thông tin, quý khách có thể tìm địa chỉ cửa hàng FPT Shop gần nhất [tại đây](https://fptshop.com.vn/cua-hang). 

Ngoài ra, quý khách có thể cho tôi biết thương hiệu điện thoại mà quý khách đang sử dụng để tôi có thể hỗ trợ tốt hơn."
Tui muốn tư vấn mua điện thoại,"Chào bạn! Bạn đang quan tâm đến thương hiệu điện thoại nào? Ví dụ như Samsung, iPhone hay một thương hiệu khác?"
Tui có thể gửi phụ kiện Apple hết hạn bảo hành tới FPT Shop để sửa chữa không? Chi phí như thế nào?,"Đối với phụ kiện nhập khẩu Apple đã hết hạn bảo hành, bạn có thể gửi đến FPT Shop để làm dịch vụ sửa chữa. FPT Shop sẽ tiếp nhận sản phẩm và gửi về trung tâm bảo hành để kiểm tra. Chi phí sửa chữa sẽ được báo lại cho bạn sau khi kiểm tra. Nếu bạn cần thêm thông tin hoặc hỗ trợ, hãy liên hệ với chúng tôi nhé!"
"Anh muốn lên đời điện thoại, shop có chính sách thu cũ đổi mới không?","Chào anh! FPT Shop có chính sách thu cũ đổi mới, anh có thể đổi điện thoại cũ của mình để lên đời sản phẩm mới. Anh vui lòng cho biết thương hiệu điện thoại mà anh đang sử dụng và muốn đổi sang sản phẩm nào để mình có thể hỗ trợ tốt hơn nhé!"
"Điện thoại giờ nhiều loại quá, khó chọn thật.","Bạn đang tìm kiếm điện thoại của thương hiệu nào? Ví dụ như Samsung, iPhone hay một thương hiệu khác? Hãy cho tôi biết để tôi có thể giúp bạn chọn lựa tốt hơn!"
So sánh giúp mình hai con chip Snapdragon 8 Gen 2 và Dimensity 9200.,"Chào bạn! Hiện tại, mình sẽ so sánh hai con chip Snapdragon 8 Gen 2 và Dimensity 9200 cho bạn.

1. **Snapdragon 8 Gen 2**:
   - **Hiệu suất**: Snapdragon 8 Gen 2 được thiết kế để cung cấp hiệu suất cao hơn với kiến trúc CPU mới, giúp cải thiện tốc độ xử lý và khả năng đa nhiệm.
   - **Đồ họa**: Chip này sử dụng GPU Adreno 740, mang lại hiệu suất đồ họa mạnh mẽ, rất phù hợp cho game và ứng dụng đồ họa nặng.
   - **Kết nối**: Hỗ trợ 5G với tốc độ cao và khả năng kết nối Wi-Fi 6E.
   - **Tiết kiệm năng lượng**: Được tối ưu hóa để tiết kiệm năng lượng hơn so với các thế hệ trước.

2. **Dimensity 9200**:
   - **Hiệu suất**: Dimensity 9200 cũng mang lại hiệu suất cao với kiến trúc CPU mới, nhưng thường được đánh giá là kém hơn một chút so với Snapdragon 8 Gen 2 trong các bài kiểm tra hiệu suất.
   - **Đồ họa**: Sử dụng GPU Immortalis-G715, hỗ trợ ray tracing, giúp cải thiện trải nghiệm đồ họa trong game.
   - **Kết nối**: Cũng hỗ trợ 5G và Wi-Fi 6E, nhưng có thể không mạnh mẽ bằng Snapdragon trong một số tình huống.
   - **Tiết kiệm năng lượng**: Được thiết kế để tiết kiệm năng lượng, nhưng hiệu suất thực tế có thể thay đổi tùy thuộc vào cách sử dụng.

Tóm lại, nếu bạn cần một chip với hiệu suất đồ họa và xử lý cao hơn, Snapdragon 8 Gen 2 có thể là lựa chọn tốt hơn. Tuy nhiên, Dimensity 9200 cũng là một lựa chọn mạnh mẽ với một số tính năng nổi bật riêng.

Bạn có cần thêm thông tin gì khác không? Hoặc bạn đang tìm kiếm sản phẩm nào sử dụng những con chip này?"
Cô cần liên lạc với tổng đài của FPTShop.,"Cô có thể liên lạc với tổng đài của FPT Shop qua số hotline 1800.6601. Nếu cần hỗ trợ thêm, cô có thể gửi email đến địa chỉ cskh@fptshop.com. Cô cần giúp gì thêm không ạ?"
Bác muốn hỏi cách kiểm tra tình trạng máy đã gửi đi bảo hành tại FPT Shop.,"Để kiểm tra tình trạng máy đã gửi đi bảo hành tại FPT Shop, bác có thể truy cập vào [đường link này](https://fptshop.com.vn/kiem-tra-bao-hanh?tab=thong-tin-bao-hanh) và làm theo hướng dẫn để tra cứu thông tin. Nếu bác cần thêm hỗ trợ gì, hãy cho em biết nhé!"
Bác muốn tra cứu thông tin trúng thưởng của FPTShop khi tham gia chương trình mini game,"Quý khách có thể tra cứu thông tin trúng thưởng của FPT Shop khi tham gia các chương trình mini game [tại đây](https://fptshop.com.vn/khuyen-mai/thong-tin-trao-thuong). Nếu cần thêm thông tin gì khác, xin vui lòng cho tôi biết!"
Chú có phụ kiện nhập khẩu Apple đã hết hạn bảo hành và muốn gửi sửa chữa dịch vụ tại FPT Shop thì có được không,"Đối với phụ kiện nhập khẩu Apple đã hết hạn bảo hành, nếu chú có nhu cầu gửi hãng để làm dịch vụ, FPT Shop sẽ tiếp nhận sản phẩm và gửi về trung tâm bảo hành để kiểm tra. Tuy nhiên, sẽ có chi phí và FPT Shop sẽ báo lại cho chú sau. Nếu chú cần thêm thông tin hoặc hỗ trợ gì khác, hãy cho em biết nhé!"
Chú muốn tra cứu hóa đơn đã mua hàng tại FPT Shop,"Chú có thể tra cứu hóa đơn mua hàng tại FPT Shop bằng cách truy cập vào [đây](https://hddt.fptshop.com.vn/). Nếu cần thêm hỗ trợ gì, chú cứ cho em biết nhé!"
Cô muốn hỏi cách thanh toán tiền thu hộ qua kênh online,"Quý khách có thể thực hiện thanh toán tiền thu hộ qua kênh online bằng cách truy cập vào đường dẫn [đây](https://fptshop.com.vn/dich-vu). Nếu cần thêm thông tin hoặc hỗ trợ, quý khách có thể liên hệ với tổng đài 1800.6601."
Cô muốn hỏi về thời gian lưu trữ thông tin người dùng,"Thông tin cá nhân của khách hàng sẽ được lưu trữ đến khi có yêu cầu hủy bỏ từ khách hàng hoặc khi khách hàng tự hủy bỏ thông tin. Trong mọi trường hợp, dữ liệu cá nhân sẽ được bảo mật trên máy chủ của FPTShop. Nếu cô cần thêm thông tin gì khác, hãy cho em biết nhé!"
Anh muốn tra cứu điểm tích lũy khi mua hàng tại FPT Shop,"Quý khách có thể tra cứu điểm tích lũy khi mua hàng tại FPT Shop bằng cách đăng nhập số điện thoại mua hàng của mình [tại đây](https://fptshop.com.vn/tai-khoan/lich-su-tich-diem). Nếu cần thêm hỗ trợ gì, xin vui lòng cho em biết!"
Cho chú hỏi FPT Shop có hỗ trợ giao hàng tận nhà không,"FPT Shop cam kết hỗ trợ giao hàng tận nhà trên toàn quốc với phạm vi phủ sóng 63 tỉnh thành. Quý khách có thể yên tâm đặt hàng và nhận sản phẩm tại nhà. Nếu có thêm câu hỏi nào khác, chú cứ hỏi nhé!"
Bên mình có hỗ trợ lắp đặt cho tivi mua ở cửa hàng không? Chi phí như thế nào?,FPT Shop hỗ trợ lắp đặt miễn phí cho các sản phẩm cần lắp đặt như TV sau khi giao hàng đến nơi. Anh/chị có cần thêm thông tin gì khác không ạ?
Anh muốn mua điện thoại nhưng giao đến nhà mới thanh toán có được không ?,"Để có thể giao điện thoại đến nhà và thanh toán sau, đơn hàng của bạn cần có giá trị dưới 50 triệu đồng. Bạn có thể nhận hàng và thanh toán tại nhà khi đồng ý mua hàng. 

Bạn đang quan tâm đến thương hiệu điện thoại nào? Ví dụ như Samsung, iPhone hay thương hiệu khác?"
Anh muốn hỏi về chính sách giá ưu đãi cho các sản phẩm điện máy chỉ bán online tại FPT Shop.,"Chào anh! Về chính sách giá ưu đãi cho các sản phẩm điện máy chỉ bán online tại FPT Shop, hiện tại chúng tôi thường xuyên có các chương trình khuyến mãi và giảm giá đặc biệt cho những sản phẩm này. Anh có thể tham khảo trực tiếp trên trang web của FPT Shop để xem các sản phẩm điện máy đang có ưu đãi.

Ngoài ra, anh có thể quan tâm đến các loại sản phẩm như: tivi, máy giặt, tủ lạnh, máy lạnh, và các thiết bị gia dụng khác. Nếu anh cần thêm thông tin chi tiết về sản phẩm nào, hãy cho em biết nhé!"
Anh muốn cập nhật thời gian bảo hành của máy Apple vì thông tin trên hệ thống chưa đúng hoặc chưa kích hoạt.,"Quý khách vui lòng chờ thêm và kiểm tra lại thông tin bảo hành sau 72 giờ kể từ khi kích hoạt máy. Nếu sau thời gian này vẫn chưa cập nhật thời gian bảo hành, quý khách vui lòng liên hệ tổng đài 1800.6616 để được hỗ trợ thêm. Nếu cần thêm thông tin gì khác, anh/chị có thể cho em biết nhé!"
Anh muốn hỏi về cách FPT Shop bảo mật thông tin thẻ thanh toán của khách hàng.,"FPT Shop đảm bảo thông tin thẻ thanh toán của khách hàng không được lưu trên hệ thống. Các đối tác cổng thanh toán sẽ lưu giữ và bảo mật thông tin này theo tiêu chuẩn quốc tế PCI DSS. Nếu anh cần thêm thông tin hoặc có câu hỏi khác, hãy cho em biết nhé!"
Anh muốn yêu cầu xóa dữ liệu cá nhân tại FPT Shop thì cần làm thế nào?,"Để yêu cầu xóa dữ liệu cá nhân tại FPT Shop, anh có thể gửi yêu cầu qua email đến Trung tâm hỗ trợ của FPT Shop theo địa chỉ: fptshop@fpt.com.vn. Yêu cầu của anh sẽ được chuyển đến bộ phận xử lý và anh sẽ được cập nhật về tiến trình xóa dữ liệu. Nếu cần thêm thông tin gì, anh cứ cho em biết nhé!"
Anh muốn biết cách mua hàng theo chính sách F.Friends tại FPT Shop.,"Để mua hàng và hưởng quyền lợi theo chính sách F.Friends tại FPT Shop, anh cần phải là hội viên của chương trình này. Điều kiện tiếp theo là anh đã ký hợp đồng chính thức với doanh nghiệp đã tham gia chương trình F.Friends hay chưa. Nếu anh đã đủ điều kiện, anh có thể thực hiện các bước mua hàng như bình thường và sẽ được hưởng ưu đãi giảm giá 3% khi mua sản phẩm.

Nếu anh cần thêm thông tin hoặc hỗ trợ gì khác, hãy cho em biết nhé!"
