Tag,Count
tình trạng hàng,124
thông số kỹ thuật,91
thu cũ đổi mới,66
khuyến mãi,58
chính sách trả góp,53
chính sách bán hàng,50
phiên bản,47
thông tin sản phẩm,44
giá cả,27
màn hình,27
hiệu năng,26
nhu cầu sử dụng,23
chính sách giao hàng,22
chính sách bảo hành,15
đánh giá sản phẩm,14
phụ kiện đi kèm,11
tư vấn sản phẩm,10
nâng cấp cấu hình,10
pin,8
dịch vụ khách hàng,8
hỗ trợ kỹ thuật,7
khiếu nại/thắc mắc,7
camera,6
chính sách thanh toán,6
hệ điều hành,3
trọng lượng,3
bảo hành,2
office,2
nâng cấp,2
thu đổi,2
cung cấp thông tin liên hệ,1
góp ý/đề xuất,1
tình trạng hàng ,1
địa chỉ khách hàng,1
chính sách khui hộp sản phẩm,1
Hỗ trợ kỹ thuật,1
lỗi sản phẩm,1
so sánh sản phẩm,1
webcam,1
yêu cầu liên hệ,1
bản quyền,1
chính sách đổi trả,1
