id,title,category,question,answer
1,Câu hỏi thường gặp,FAQ,Mua sản phẩm FPT Shop được bảo hành như thế nào?,"Để đảm bảo quyền lợi của Quý khách hàng khi mua sản phẩm tại các cửa hàng thuộc hệ thống cửa hàng FPT Shop. Chúng tôi cam kết tất cả các sản phẩm được tuân theo các điều khoản bảo hành của sản phẩm tại thời điểm xuất hóa đơn cho Quý khách hàng. Các sản phẩm điện thoại sẽ có chính sách bảo hành khác nhau tùy thuộc vào hãng sản xuất. Khách hàng có thể bảo hành máy tại các cửa hàng FPT Shop trên toàn quốc cũng như các trung tâm bảo hành chính hãng sản phẩm.Khách hàng có thể truy cập các đường dẫn sau để tìm kiếm địa chỉ trung tâm bảo hoặc cửa hàng FPT Shop gần nhất và tham khảo chính sách bảo hành:\n- Chính sách bảo hành: Quý khách vui lòng [Xem tại đây](https://fptshop.com.vn/ho-tro/chinh-sach-bao-hanh).\n- Cửa hàng FPT Shop gần nhất: Quý khách vui lòng [Xem tại đây](https://fptshop.com.vn/cua-hang).\n- Để tra cứu thông tin máy gửi bảo hành, Quý khách hàng vui lòng tra cứu tại [Trang kiểm tra bảo hành](https://fptshop.com.vn/kiem-tra-bao-hanh)."
2,Câu hỏi thường gặp,FAQ,Mua sản phẩm tại FPT Shop có được đổi trả không? Nếu được thì phí đổi trả sẽ được tính như thế nào?,"Đối với các sản phẩm ĐTDĐ, MTB, MTXT, SMARTWATCH (Áp dụng bao gồm các sản phẩm Apple), sản phẩm cùng model, cùng màu, cùng dung lượng. Trong tình huống sản phẩm đổi hết hàng, khách hàng có thể đổi sang một sản phẩm khác tương đương hoặc cao hơn về giá trị so với sản phẩm lỗi. Trường hợp khách hàng muốn trả sản phẩm: FPTShop sẽ kiểm tra tình trạng máy và thông báo đến Khách hàng về giá trị thu lại sản phẩm ngay tại cửa hàng.Để biết thêm thông tin chi tiết, Quý khách hàng có thể tra cứu phí đổi trả chi tiết [Tại đây](https://fptshop.com.vn/ho-tro/chinh-sach-doi-san-pham)."
3,Câu hỏi thường gặp,FAQ,FPT Shop có chính sách giao hàng tận nhà không? Nếu giao hàng tại nhà mà không ưng sản phẩm có được trả lại không?,"FPT Shop cam kết giao hàng toàn bộ 63 tỉnh thành, FPT Shop nhận giao đơn hàng có thời gian hẹn giao tại nhà trước 20h00. Miễn phí giao hàng với các đơn hàng trong bán kính 20km có đặt shop (Với đơn hàng có giá trị nhỏ hơn 100.000đ sẽ thu phí 10.000đ). Nếu Quý khách hàng không ưng ý với sản phẩm khi nhận hàng, Quý khách có thể từ chối mua hàng mà không mất bất cứ chi phí nào. Đối với các sản phẩm còn nguyên seal, khách hàng muốn bóc seal sẽ phải thanh toán 100% giá trị sản phẩm. Nếu không ưng, FPT Shop sẽ hỗ trợ đổi sản phẩm cho khách hàng theo chính sách đổi trả. Đối với các sản phẩm không seal, Quý khách hàng có thể kiểm tra máy mà không phải chịu bất cứ chi phí nào nếu không mua."
4,Câu hỏi thường gặp,FAQ,Làm thế nào để được mua hàng theo chính sách F.Friends?,"Để được mua hàng và hưởng quyền lợi theo chính sách mua hàng F.Friends, Quý khách hàng phải là hội viên. Điều kiện tiếp theo là bạn đã ký hợp đồng chính thức với doanh nghiệp đã tham gia chương trình F.Friends hay chưa.Để được trả góp quý khách phải đủ 8 tháng công tác tại doanh nghiệp."
5,Câu hỏi thường gặp,FAQ,Ưu đãi khi mua hàng theo chính sách F.Friends ?,"Nếu đã là hội viên của chương trình F.Friends , quý khách sẽ được hưởng ưu đãi trả thẳng giảm 3% khi mua sản phẩm. "
6,Câu hỏi thường gặp,FAQ,Làm thế nào để kiểm tra được tình trạng máy đã gửi đi bảo hành tại FPT Shop?,"Để tra cứu thông tin máy gửi bảo hành tại FPT Shop, Quý khách hàng có thể truy cập [Tại đây](https://fptshop.com.vn/kiem-tra-bao-hanh) và chọn mục ""Tra cứu thông tin máy""."
7,Câu hỏi thường gặp,FAQ,Muốn kiểm tra sản phẩm đã mua từ FPT Shop có chính hãng của Apple thì xem như thế nào?,"Để tra cứu thông tin sản phẩm chính hãng của Apple, Quý khách hàng có thể truy cập tại (https://checkcoverage.apple.com/)"
8,Câu hỏi thường gặp,FAQ,Cần hướng dẫn cách sử dụng về sản phẩm thì liên hệ hoặc xem ở đâu được?,Quý khách có thể tham khảo sách hướng dẫn sử dụng kèm theo sản phẩm hoặc gọi vào tổng đài 1800.6601 nhánh số 2 để gặp điện thoại viên hướng dẫn thêm.
9,Câu hỏi thường gặp,FAQ,Muốn xem giá thay thế linh kiện cho sản phẩm đã mua tại FPT Shop thì xem ở đâu?,Quý khách tham khảo bảng giá sửa chữa  (https://fptshop.com.vn/ho-tro/bang-gia-sua-chua)
10,Câu hỏi thường gặp,FAQ,Đặt đơn hàng thành công và muốn theo dõi tiến độ đơn hàng đã được đi giao chưa thì xem ở đâu?,"Để tra cứu thông tin đơn hàng đã đặt thành công và tiến độ xử lý đơn hàng, Quý khách hàng có thể truy cập tại (https://fptshop.com.vn/tai-khoan/don-hang-cua-toi)"
11,Câu hỏi thường gặp,FAQ,Sản phẩm mới mua về bị lỗi không sử dụng được thì liên hệ ai để xử lý nhanh mà không bị mất thời gian di chuyển nhiều lần?,Khách hàng có thể mang máy đến tại các cửa hàng FPT Shop trên toàn quốc cũng như các trung tâm bảo hành chính hãng sản phẩm nơi gần nhà khách hàng nhất.
12,Câu hỏi thường gặp,FAQ,Làm thế nào để tra cứu về hóa đơn đã mua hàng tại FPT Shop?,Quý khách thực hiện tra cứu hóa đơn mua hàng tại (https://hddt.fptshop.com.vn/)
13,Câu hỏi thường gặp,FAQ,Cần hướng dẫn vấn đề điều chỉnh hoặc xuất lại hóa đơn do bị sai thông tin khách hàng?,Quý khách vui lòng liên hệ tổng đài 1800.6616 để gặp điện thoại viên tư vấn hỗ trợ hoặc Quý khách tham khảo qua hướng dẫn Tại (https://hddt.fptshop.com.vn/bien-ban-huy) nếu liên quan đến hóa đơn công ty.
14,Câu hỏi thường gặp,FAQ,Điện thoại mua tại FPT Shop bị lỗi và gửi đi bảo hành nhưng muốn mượn một máy khác để dùng trong thời gian chờ bảo hành thì có được không và liên hệ đến ai để hỗ trợ vấn đề này?,"FPT Shop sẽ hỗ trợ cho khách hàng mượn điện thoại khác sử dụng theo quy định của công ty, mời Quý khách liên hệ tại cửa hàng FPT Shop nơi khách hàng gửi máy đi bảo hành để được tư vấn hỗ trợ."
15,Câu hỏi thường gặp,FAQ,Muốn thanh toán tiền thu hộ qua kênh online thì thực hiện bằng cách nào?,Quý khách thực hiện truy cập đường dẫn (https://fptshop.com.vn/dich-vu) để thực hiện thanh toán online 
16,Câu hỏi thường gặp,FAQ,Cần tra cứu điểm mua hàng tại FPT Shop đã tích điểm được bao nhiêu thì xem ở đâu?,Quý khách thực hiện tra cứu điểm tích tại  (https://fptshop.com.vn/tai-khoan/lich-su-tich-diem) bằng cách đăng nhập số điện thoại mua hàng của Quý khách.
17,Câu hỏi thường gặp,FAQ,Muốn cập nhật máy Apple có thời gian bảo hành không đúng hoặc chưa kích hoạt bảo hành trên hệ thống Website của Apple thì làm thế nào?,Quý khách vui lòng chờ thêm và kiểm tra lại thông tin bảo hành sau 72h kể từ khi kích hoạt máy. Nếu sau thời gian này vẫn chưa cập nhật thời gian bảo hành thì Quý khách vui lòng liên hệ tổng đài 1800.6616 để gặp tổng đài viên hỗ trợ.
18,Câu hỏi thường gặp,FAQ,Cách tra cứu về thông tin trúng thưởng của FPT Shop khi tham gia các chương trình mini game?,Quý khách thực hiện tra cứu tại (https://fptshop.com.vn/khuyen-mai/thong-tin-trao-thuong)
19,Câu hỏi thường gặp,FAQ,Máy gửi đi sửa dịch vụ và đã nhận thông tin báo phí nhưng muốn thanh toán phí online thì thực hiện bằng cách nào?,Quý khách vui lòng liên hệ tổng đài 1800.6616 để gặp điện thoại viên tư vấn hỗ trợ.
20,Câu hỏi thường gặp,FAQ,Phụ kiện nhập khẩu Apple đã hết hạn bảo hành và muốn gửi sửa chữa dịch vụ tại FPT Shop thì có được không?,"Đối với Phụ kiện nhập khẩu nếu Quý khách có nhu cầu gửi hãng để làm dịch vụ FPT Shop tiếp nhận sản phẩm gửi về TTBH kiểm tra, có chi phí báo lại Quý khách sau."
21,Đại lý uỷ quyền và TTBH uỷ quyền của Apple,Thông tin FPT Shop/Dịch vụ Apple,FPT Shop có phải là đại lý ủy quyền chính thức của Apple tại Việt Nam không?,"FPT Shop là đại lý Apple ủy quyền toàn cầu (Apple Authorized Reseller) tại Việt Nam và nhập khẩu, kinh doanh tất cả các sản phẩm từ Apple. Khách hàng không chỉ được trải nghiệm sản phẩm mới một cách hoàn hảo với khu trải nghiệm Apple Corner đạt tiêu chuẩn hãng mà còn được tư vấn đầy đủ trước khi quyết định mua. Đội ngũ chuyên viên tư vấn và cố vấn kỹ thuật FPT Shop và F.Studio by FPT được đào tạo bởi các chuyên gia Apple, sẽ tư vấn cũng như hỗ trợ kỹ thuật dành cho khách hàng một cách chuyên nghiệp nhất về sản phẩm, ứng dụng và các công nghệ mới nhất từ Apple."
22,Đại lý uỷ quyền và TTBH uỷ quyền của Apple,Thông tin FPT Shop/Dịch vụ Apple,Tôi có thể bảo hành sản phẩm Apple chính hãng ở đâu? Trung tâm bảo hành ủy quyền của Apple tại Việt Nam là gì?,"Trung tâm bảo hành ủy quyền Apple F.Care by FPT (Apple Authorized Service Provider) là một chuỗi các trung tâm bảo hành được Apple Việt Nam ủy quyền về mặt pháp lý và kỹ thuật để thực hiện các dịch vụ sửa chữa, bảo hành đối với sản phẩm của hãng theo tiêu chuẩn do Apple quy định. Được vận hành và xây dựng bởi FPT Retail. Đến với F.Care, khách hàng sẽ được trải nghiệm dịch vụ chuẩn hãng, với đội ngũ kỹ thuật viên có kinh nghiệm dày dặn, được đào tạo bài bản bởi Apple."
23,Mục đích và phạm vi thu thập,Chính sách bảo mật,FPT Shop thu thập thông tin cá nhân của khách hàng với mục đích gì?,"FPTshop.com.vn thu thập thông tin cá nhân của khách hàng để cung cấp dịch vụ, xác minh danh tính, và đảm bảo các hoạt động giao dịch an toàn. Các thông tin được thu thập bao gồm số lần truy cập, số trang bạn xem, số liên kết bạn click và thông tin trình duyệt khi truy cập website."
24,Phạm vi sử dụng thông tin,Chính sách bảo mật,Thông tin cá nhân của khách hàng được sử dụng trong phạm vi nào?,"FPTshop.com.vn chỉ sử dụng thông tin cá nhân của khách hàng trong phạm vi đã thông báo, bao gồm liên hệ trực tiếp qua thư ngỏ, đơn đặt hàng, thư cảm ơn, sms, thông tin bảo mật, và các dịch vụ khác liên quan."
25,Thời gian lưu trữ thông tin,Chính sách bảo mật,Thông tin cá nhân của khách hàng được lưu trữ bao lâu?,"Dữ liệu cá nhân sẽ được lưu trữ đến khi có yêu cầu hủy bỏ từ khách hàng hoặc khi khách hàng tự hủy bỏ thông tin. Trong mọi trường hợp, dữ liệu cá nhân sẽ được bảo mật trên máy chủ của FPTshop.com.vn."
26,Cam kết bảo mật thông tin,Chính sách bảo mật,FPT Shop cam kết bảo mật thông tin khách hàng như thế nào?,"FPTshop.com.vn cam kết bảo mật thông tin cá nhân của khách hàng tuyệt đối, chỉ thu thập và sử dụng khi có sự đồng ý từ khách hàng, và không chia sẻ với bên thứ ba trừ trường hợp có quy định của pháp luật."
27,Quy định bảo mật khi thanh toán,Chính sách bảo mật,FPT Shop bảo mật thông tin thẻ thanh toán của khách hàng như thế nào?,FPTShop đảm bảo thông tin thẻ thanh toán của khách hàng không được lưu trên hệ thống. Các đối tác cổng thanh toán sẽ lưu giữ và bảo mật thông tin này theo tiêu chuẩn quốc tế PCI DSS.
28,Quyền yêu cầu xóa dữ liệu,Chính sách bảo mật,Làm thế nào để yêu cầu xóa dữ liệu cá nhân tại FPT Shop?,Khách hàng có thể gửi yêu cầu xóa dữ liệu qua email đến Trung tâm hỗ trợ của FPT Shop: fptshop@fpt.com.vn. Yêu cầu sẽ được chuyển đến bộ phận xử lý và khách hàng sẽ được cập nhật về tiến trình xóa dữ liệu.
29,Đối tượng thực hiện Chính sách bảo mật,Chính sách bảo mật dữ liệu cá nhân khách hàng,Chính sách bảo mật dữ liệu cá nhân khách hàng được thực hiện bởi đơn vị nào,"Chính sách bảo mật dữ liệu cá nhân khách hàng được thực hiện bởi Công ty Cổ phần Bán lẻ Kỹ thuật số FPT hay FRT , mô tả các hoạt động liên quan đến việc xử lý dữ liệu cá nhân của Khách hàng để họ hiểu rõ hơn về mục đích, phạm vi thông tin mà FRT xử lý, các biện pháp FRT áp dụng để bảo vệ thông tin và quyền của Quý Khách hàng đối với các hoạt động này."
30,Đối tượng áp dụng Chính sách bảo mật,Chính sách bảo mật dữ liệu cá nhân khách hàng,chính sách bảo mật dữ liệu cá nhân của FRT áp dụng cho những đối tượng nào?,Chính sách bảo mật dữ liệu cá nhân khách hàng áp dụng cho các Khách hàng cá nhân và những người có liên quan đến Khách hàng (theo yêu cầu của pháp luật hoặc người đồng sử dụng sản phẩm/dịch vụ của FRT) khi họ sử dụng hoặc tương tác với trang tin điện tử hoặc/và các sản phẩm/dịch vụ của FRT. Chính sách này không áp dụng cho khách hàng doanh nghiệp.
31,Dữ liệu cá nhân cơ bản,Chính sách bảo mật dữ liệu cá nhân khách hàng,"""Dữ liệu cá nhân cơ bản"" mà FPT Shop có thể thu thập gồm những thông tin cụ thể nào?","Dữ liệu cá nhân cơ bản bao gồm: Họ, chữ đệm và tên khai sinh, tên gọi khác (nếu có); Ngày, tháng, năm sinh; ngày, tháng, năm chết hoặc mất tích; Giới tính; Nơi sinh, nơi đăng ký khai sinh, nơi thường trú, nơi tạm trú, nơi ở hiện tại, quê quán, địa chỉ liên hệ; Quốc tịch; Hình ảnh của cá nhân; Số điện thoại, số chứng minh nhân dân, số định danh cá nhân, số hộ chiếu, số giấy phép lái xe, số biển số xe, số mã số thuế cá nhân, số bảo hiểm xã hội, số thẻ bảo hiểm y tế; Tình trạng hôn nhân; Thông tin về mối quan hệ gia đình (cha mẹ, con cái); Thông tin về tài khoản số của cá nhân; dữ liệu cá nhân phản ánh hoạt động, lịch sử hoạt động trên không gian mạng; Các thông tin khác gắn liền với một con người cụ thể hoặc giúp xác định một con người cụ thể không thuộc Dữ liệu cá nhân nhạy cảm và các dữ liệu khác theo quy định pháp luật hiện hành."
32,Dùng dữ liệu cá nhân của khách hàng cho mục đích nghiên cứu,Chính sách bảo mật dữ liệu cá nhân khách hàng,FPT Shop có sử dụng dữ liệu cá nhân của khách hàng cho mục đích nghiên cứu thị trường không?,"Có, một trong những mục đích FRT xử lý dữ liệu cá nhân của Khách hàng là để tổ chức các hoạt động nghiên cứu thị trường, thăm dò dư luận nhằm cải thiện chất lượng sản phẩm/dịch vụ hoặc để nghiên cứu phát triển các sản phẩm, dịch vụ mới nhằm đáp ứng tốt hơn nhu cầu của khách hàng."
33,Biện pháp để bảo vệ dữ liệu khách hàng ,Chính sách bảo mật dữ liệu cá nhân khách hàng,"FPT Shop có những biện pháp nào để bảo vệ dữ liệu của khách hàng, và khách hàng cần làm gì để tự bảo vệ thông tin của mình?","FRT sử dụng nhiều công nghệ bảo mật thông tin khác nhau nhằm bảo vệ Dữ liệu cá nhân của Khách hàng không bị truy lục, sử dụng hoặc chia sẻ ngoài ý muốn. Đồng thời, FRT khuyến cáo Khách hàng nên bảo mật các thông tin liên quan đến mật khẩu đăng nhập vào tài khoản, mã OTP và không chia sẻ những thông tin này với bất kỳ người nào khác. Khách hàng cũng nên bảo quản thiết bị điện tử trong quá trình sử dụng và nên khóa, đăng xuất, hoặc thoát khỏi tài khoản trên website hoặc Ứng dụng của FRT khi không sử dụng."
34,Nguồn thu thập thông tin cá nhân khách hàng,Chính sách bảo mật dữ liệu cá nhân khách hàng,FPT Shop thu thập thông tin cá nhân của khách hàng từ những nguồn nào?,"FRT thu thập dữ liệu cá nhân trực tiếp từ Khách hàng (ví dụ: khi Khách hàng gửi yêu cầu đăng ký, điền thông tin vào biểu mẫu, tương tác với nhân viên dịch vụ khách hàng, sử dụng một số dịch vụ của FRT, hoặc khi được liên hệ và phản hồi lại các đại diện tiếp thị) và từ các bên thứ ba khác (ví dụ: nếu Khách hàng tương tác với nội dung hoặc quảng cáo của bên thứ ba trên trang tin điện tử hoặc trong ứng dụng của FRT, nếu Khách hàng chọn thanh toán điện tử, từ các cơ quan pháp luật, hoặc từ các nguồn công khai)."
35,Chính sách xử lý dữ liệu cá nhân của trẻ em,Chính sách bảo mật dữ liệu cá nhân khách hàng,Chính sách của FPT Shop về việc xử lý dữ liệu cá nhân của trẻ em là gì?,"FRT luôn tôn trọng và bảo vệ dữ liệu cá nhân của trẻ em. Ngoài các biện pháp bảo vệ dữ liệu cá nhân theo quy định pháp luật, trước khi xử lý dữ liệu cá nhân của trẻ em, Công ty sẽ thực hiện xác minh tuổi của trẻ và yêu cầu sự đồng ý của trẻ em và/hoặc cha, mẹ hoặc người giám hộ của trẻ em theo quy định của pháp luật."
36,Quyền yêu cầu xóa dữ liệu,Chính sách bảo mật dữ liệu cá nhân khách hàng,Khách hàng có quyền yêu cầu FPT Shop ngừng xử lý và xóa dữ liệu cá nhân của mình không?,"Có, Khách hàng có quyền rút lại sự đồng ý, yêu cầu xóa hoặc yêu cầu hủy dữ liệu cá nhân của mình bằng văn bản gửi đến FRT, trừ trường hợp pháp luật có quy định khác. Việc rút lại sự đồng ý không ảnh hưởng đến tính hợp pháp của việc xử lý dữ liệu đã được Khách hàng đồng ý trước đó."
37,Cung cấp thông tin cá nhân không chính xác,Chính sách bảo mật dữ liệu cá nhân khách hàng,Điều gì sẽ xảy ra nếu khách hàng cung cấp thông tin cá nhân không chính xác hoặc không đầy đủ cho FPT Shop?,"FRT sẽ tiến hành bảo mật Dữ liệu cá nhân của Khách hàng dựa trên thông tin Khách hàng đã đăng ký. Do đó, nếu có bất kỳ thông tin sai lệch nào, FRT sẽ không chịu trách nhiệm trong trường hợp thông tin đó làm ảnh hưởng hoặc hạn chế quyền lợi của Khách hàng. Trường hợp không thông báo về sự thay đổi thông tin, nếu có phát sinh rủi ro, tổn thất thì Khách hàng chịu trách nhiệm về những sai sót hay hành vi lợi dụng, lừa đảo do lỗi của mình hoặc do không cung cấp đúng, đầy đủ, chính xác, kịp thời sự thay đổi thông tin."
38,Định nghĩa Dữ liệu cá nhân (DLCN),Chính sách bảo mật dữ liệu cá nhân khách hàng,"FRT định nghĩa ""Dữ liệu cá nhân"" (DLCN) là gì?","Dữ liệu cá nhân (DLCN) là thông tin dưới dạng ký hiệu, chữ viết, chữ số, hình ảnh, âm thanh hoặc dạng tương tự trên môi trường điện tử gắn liền với một con người cụ thể hoặc giúp xác định một con người cụ thể. DLCN bao gồm dữ liệu cá nhân cơ bản và dữ liệu cá nhân nhạy cảm."
39,Hành động xử lý dữ liệu cá nhân,Chính sách bảo mật dữ liệu cá nhân khách hàng,"Theo FPT Shop, ""xử lý dữ liệu cá nhân"" bao gồm những hành động nào?","""Xử lý dữ liệu cá nhân"" là một hoặc nhiều hoạt động tác động tới dữ liệu cá nhân, như: thu thập, ghi, phân tích, xác nhận, lưu trữ, chỉnh sửa, công khai, kết hợp, truy cập, truy xuất, thu hồi, mã hóa, giải mã, sao chép, chia sẻ, truyền đưa, cung cấp, chuyển giao, xóa, hủy dữ liệu cá nhân hoặc các hành động khác có liên quan."
40,Sự cố định của chính sách bảo mật dữ liệu cá nhân,Chính sách bảo mật dữ liệu cá nhân khách hàng,Chính sách bảo mật dữ liệu cá nhân của FPT Shop có cố định không hay có thể thay đổi?,"Chính sách này có thể được sửa đổi theo từng thời kỳ. Những thay đổi và thời điểm có hiệu lực sẽ được cập nhật và công bố tại các Kênh giao dịch và các kênh khác của FRT. Việc Khách hàng tiếp tục sử dụng dịch vụ sau thời hạn thông báo về các nội dung sửa đổi, bổ sung đồng nghĩa với việc Khách hàng đã chấp nhận các nội dung đó."
41,Giải quyết tranh chấp liên quan đến Chính sách,Chính sách bảo mật dữ liệu cá nhân khách hàng,"Trong trường hợp có tranh chấp phát sinh từ Chính sách bảo mật dữ liệu cá nhân khách hàng, quy trình giải quyết sẽ như thế nào?","Trong quá trình thực hiện nếu phát sinh tranh chấp, các Bên sẽ chủ động giải quyết thông qua thương lượng, hòa giải. Trường hợp hòa giải không thành, tranh chấp sẽ được đưa ra Tòa án nhân dân có thẩm quyền để giải quyết theo quy định của pháp luật."
42,Nghĩa vụ của khách hàng về dữ liệu cá nhân,Chính sách bảo mật dữ liệu cá nhân khách hàng,Khách hàng có những nghĩa vụ gì liên quan đến việc cung cấp và bảo vệ dữ liệu cá nhân của mình cho FRT?,"Khách hàng có nghĩa vụ: tuân thủ quy định pháp luật và của FRT; cung cấp đầy đủ, trung thực, chính xác dữ liệu và thông báo khi có thay đổi; tự bảo vệ dữ liệu cá nhân của mình và chủ động áp dụng các biện pháp bảo vệ; thông báo kịp thời cho FRT khi phát hiện sai sót hoặc nghi ngờ dữ liệu bị xâm phạm; tự chịu trách nhiệm nếu dữ liệu rò rỉ do lỗi của mình; thường xuyên cập nhật chính sách của FRT và tôn trọng dữ liệu cá nhân của người khác."
43,Khuyến cáo bảo mật cho khách hàng,Chính sách bảo mật dữ liệu cá nhân khách hàng,FRT đưa ra khuyến cáo gì cho khách hàng để tự bảo vệ thông tin cá nhân của mình?,"FRT khuyến cáo Khách hàng bảo mật các thông tin liên quan đến mật khẩu đăng nhập vào tài khoản, mã OTP và không chia sẻ chúng với bất kỳ người nào khác. Khách hàng cũng nên bảo quản thiết bị điện tử cẩn thận trong quá trình sử dụng; nên khóa, đăng xuất, hoặc thoát khỏi tài khoản trên website hoặc Ứng dụng của FRT khi không sử dụng."
44,Rủi ro và thiệt hại tiềm ẩn,Chính sách bảo mật dữ liệu cá nhân khách hàng,Những rủi ro hoặc thiệt hại không mong muốn nào có thể xảy ra đối với dữ liệu cá nhân của khách hàng tại FRT?,"Một số hậu quả, thiệt hại không mong muốn có thể xảy ra bao gồm: lỗi phần cứng, phần mềm trong quá trình xử lý làm mất dữ liệu; lỗ hổng bảo mật nằm ngoài khả năng kiểm soát của FRT bị hacker tấn công gây lộ lọt dữ liệu; hoặc Khách hàng tự làm lộ lọt dữ liệu cá nhân do bất cẩn hoặc bị lừa đảo (ví dụ: truy cập website/tải ứng dụng độc hại)."
45,Các loại dữ liệu khác được xử lý,Chính sách bảo mật dữ liệu cá nhân khách hàng,"Ngoài dữ liệu cá nhân cơ bản và nhạy cảm, FRT còn xử lý những loại dữ liệu nào khác của khách hàng?","Ngoài dữ liệu cá nhân cơ bản và nhạy cảm, FRT còn xử lý: (1) Dữ liệu liên quan đến các trang tin điện tử hoặc ứng dụng: dữ liệu kỹ thuật (loại thiết bị, hệ điều hành, loại trình duyệt, địa chỉ IP, cài đặt ngôn ngữ, ngày giờ kết nối, dữ liệu vị trí, v.v.); chi tiết đăng nhập bảo mật; dữ liệu sử dụng. (2) Dữ liệu tiếp thị: các mối quan tâm đối với quảng cáo; dữ liệu cookie; dữ liệu clickstream; lịch sử duyệt web; phản ứng với tiếp thị trực tiếp; và lựa chọn không tham gia tiếp thị trực tiếp."
46,Hình thức trả góp,Chính sách trả góp,FPT Shop có những hình thức trả góp nào?,"Nhằm mang tới sự thuận tiện trong quá trình mua hàng, giúp Quý khách nhanh chóng sở hữu sản phẩm mong muốn, đi kèm với đó là các chương trình hấp dẫn. FPT Shop cung cấp dịch vụ trả góp đa dạng, dễ dàng tiếp cận, trong đó bao gồm trả góp qua thẻ tín dụng, trả góp qua Kredivo, trả góp qua Home PayLater, trả góp qua MoMo và trả góp qua Công ty tài chính."
47,Trả góp qua thẻ tín dụng,Chính sách trả góp,Điều kiện và quy định trả góp qua thẻ tín dụng tại FPT Shop là gì?,"Hiệu lực còn lại của thẻ phải lớn hơn kỳ hạn trả góp, riêng MB, Kiên Long Bank thì hiệu lực của thẻ phải lớn hơn kỳ hạn trả góp ít nhất (01) tháng.\nSố dư thẻ phải lớn hơn hoặc bằng tổng giá trị trả góp.\nKhách hàng phải nhập đúng số thẻ, ngày hết hạn và số CVV khi thực hiện giao dịch.\nThời gian trả góp 3, 6, 9, 12, 15, 18, 24, 36 tháng (tuỳ từng ngân hàng).\nSố lần mua trả góp tuỳ thuộc vào hạn mức thẻ tín dụng.\nGiá trị thanh toán phải đạt số tiền trả góp tối thiểu như sau:\n- Từ 500.000đ trở lên với Muadee by HDBank.\n- Từ 1.000.000đ trở lên với NCB, Sacombank.\n- Từ 2.000.000đ trở lên đối với Techcombank, VIB, Home Credit và Lotte Finance.\n- Từ 3.000.000đ trở lên đối với các ngân hàng còn lại.\nCách thức chuyển đổi trả góp:\n- Vietcombank, MB, SHB, OCB, LPBank, HDBank, PVcomBank, TPBank, Shinhan Finance (SVFC), Mcredit, Woori Bank, Lotte Finance: Ngân hàng sẽ không hỗ trợ chuyển đổi trả góp sau khi giao dịch đã lên sao kê.\n- Các ngân hàng còn lại: Sau 7 - 10 ngày làm việc hệ thống tự chuyển đổi. Trường hợp trong 7 - 10 ngày chờ chuyển đổi mà tài khoản của Quý khách đã lên sao kê thì khi thanh toán với ngân hàng Quý khách hãy trừ khoản thanh toán này ra. Ngân hàng hỗ trợ chuyển đổi sau kì sao kê. Thời gian cụ thể sẽ phụ thuộc vào chính sách kinh doanh từ thời kì của Ngân hàng.\nLưu ý:\n- Không nên giao dịch cận ngày sao kê. Đối với riêng các ngân hàng bao gồm VietcomBank, MB, SHB, OCB, Liên Việt Postbank, HDBank, PVcombank, TPBank, Shinhan Finance (SVFC), Mcredit, Wooribank, Lotte Finance, Ngân Lượng khoá trên hệ thống các ngày gần sao kê tuỳ theo từng Ngân hàng, loại thẻ. Trong thời gian đó chủ thẻ vui lòng sử dụng thẻ của các Ngân hàng còn lại để thực hiện giao dịch trả góp.\n- Chương trình không áp dụng cho thẻ phụ, thẻ Debit và thẻ tín dụng phát hành tại nước ngoài."
48,Trả góp qua công ty tài chính,Chính sách trả góp,Thủ tục và hồ sơ cần thiết khi trả góp qua công ty tài chính tại FPT Shop?,"Khách hàng mang hồ sơ được yêu cầu tới FPT Shop gần nhất để đăng ký, hoàn tất thủ tục trả góp qua nhà tài chính.Chi tiết hồ sơ và yêu cầu:\n- HDS HOME CREDIT SHINHAN FINANCE: Tuổi 18-60, Hồ sơ Căn cước/CMND, Bằng lái xe/sổ hộ khẩu, Hồ sơ được duyệt bởi đơn vị trả góp.\n- FE CREDIT: Tuổi 18-60, Hồ sơ Căn cước/CMND, Hồ sơ được duyệt bởi đơn vị trả góp.\n- MIRAE ASSET: Tuổi Nam: 21-60, Nữ: 18-60, Hồ sơ Căn cước/CMND, Bằng lái xe/sổ hộ khẩu, Hồ sơ được duyệt bởi đơn vị trả góp.\n- SAMSUNG FINANCE PLUS: Tuổi 18-60, Hồ sơ Căn cước/CMND, Bằng lái xe/sổ hộ khẩu, Email, SIM chính chủ, Yêu cầu khác: Thu nhập từ 4.000.000 VNĐ/tháng, Có tài khoản Kredivo, Hồ sơ được duyệt bởi đơn vị trả góp."
49,Trả góp qua MoMo,Chính sách trả góp,Trả góp qua MoMo tại FPT Shop áp dụng cho sản phẩm nào và điều kiện ra sao?,"Chương trình trả góp MoMo áp dụng cho các sản phẩm chính thuộc ngành hàng Apple, gồm: iPhone, iPad, Apple Watch, MacBook, iMac, Màn hình Apple. Khách hàng có thể mua thêm các sản phẩm phụ đi kèm như phụ kiện hoặc dịch vụ (tối đa 5 sản phẩm phụ, tổng giá trị không quá 5 triệu đồng và không nhiều hơn giá trị sản phẩm chính).\nLưu ý: Chương trình không áp dụng cho các sản phẩm Apple đã qua sử dụng.\nĐiều kiện và quy định áp dụng:\n- Khách hàng được MoMo cấp hạn mức.\n- Đối với sản phẩm iPhone: Khui seal và kích hoạt máy tại cửa hàng sau khi xuất hóa đơn.
- Quy định về giá trị khoản vay: Từ 3 triệu đồng đến tối đa 100 triệu đồng.
- Chính sách hoàn hủy: Hợp đồng sau khi hoàn tất và kích hoạt khoản vay sẽ không được hoàn/hủy dưới bất kỳ hình thức nào. Chỉ chấp nhận trả hàng nếu khoản vay đã tất toán."
50,Trả góp qua Kredivo,Chính sách trả góp,FPT Shop có hỗ trợ trả góp qua Kredivo không?,Chính sách trả góp qua Kredivo hiện đang được cập nhật. Quý khách vui lòng theo dõi thông tin mới nhất từ FPT Shop.
51,Trả góp qua Home PayLater,Chính sách trả góp,FPT Shop có hỗ trợ trả góp qua Home PayLater không?,Chính sách trả góp qua Home PayLater hiện đang được cập nhật. Quý khách vui lòng theo dõi thông tin mới nhất từ FPT Shop.
52,Chính sách giao hàng,Chính sách giao hàng & lắp đặt,FPT Shop có chính sách giao hàng tại nhà như thế nào?,"FPT Shop hỗ trợ giao hàng tại nhà trên toàn quốc với phạm vi phủ sóng 63 tỉnh thành. Miễn phí giao hàng trong bán kính 20km với đơn hàng dưới 100.000 VNĐ thu phí 10.000 VNĐ. Với khoảng cách xa hơn, nhân viên sẽ tư vấn chi tiết về cách thức giao nhận thuận tiện nhất."
53,Thanh toán khi mua hàng trực tuyến,Chính sách giao hàng & lắp đặt,Hình thức thanh toán khi mua hàng trực tuyến tại FPT Shop?,"Đơn hàng có giá trị từ 50 triệu trở lên: Quý khách phải thanh toán trước 100% giá trị đơn hàng nếu muốn giao hàng tại nhà.
Đơn hàng có giá trị dưới 50 triệu: Quý khách có thể nhận hàng và thanh toán tại nhà khi đồng ý mua hàng."
54,Hỗ trợ lắp đặt sản phẩm,Chính sách giao hàng & lắp đặt,FPT Shop có hỗ trợ lắp đặt sản phẩm tại nhà không?,"FPT Shop hỗ trợ lắp đặt miễn phí cho các sản phẩm cần lắp đặt như TV, điều hòa sau khi giao hàng đến nơi."
55,Hướng dẫn mua hàng và thanh toán online,Hướng dẫn,Làm thế nào để mua hàng và thanh toán online tại FPT Shop?,"Bước 1: Tại giao diện trang chủ của FPT Shop (https://fptshop.com.vn/)
Quý khách gõ vào thanh tìm kiếm tên sản phẩm mà mình quan tâm. Ví dụ Quý khách đang muốn mua sản phẩm iPhone, sau khi gõ hệ thống sẽ truy xuất ra các sản phẩm liên quan tới từ khóa mà Quý khách muốn tìm.
Bước 2: Bây giờ Quý khách hãy click chọn sản phẩm mà mình muốn tham khảo. Ví dụ Quý khách chọn sản phẩm iPhone 15, sau khi click chọn sẽ hiển thị trang chi tiết sản phẩm. Quý khách có thể xem các thông số thuộc tính cũng như bài viết đánh giá về sản phẩm phía bên dưới trang web.
Bước 3: Sau khi đã chọn được sản phẩm phù hợp, Quý khách vui lòng click vào nút 'MUA NGAY'. Sau đó Quý khách có thể thấy được giỏ hàng của mình đang gồm những sản phẩm đã chọn mua.
Bước 4: Quý khách kiểm tra thông tin sản phẩm đã chọn, sau đó điền thông tin đặt hàng.
Quý khách lựa chọn hình thức giao hàng mong muốn: Giao hàng tận nơi/Nhận tại cửa hàng và điền form thông tin khách hàng bao gồm: 'Anh/Chị', 'Họ và tên', 'Số điện thoại', 'Email'. Trường 'Email' Quý khách có thể bỏ qua nếu không muốn.
    - Đối với phương án giao hàng tận nơi: Quý khách điền thông tin địa chỉ nhận hàng và thời gian giao hàng.
    - Đối với phương án nhận tại cửa hàng: Quý khách chọn tỉnh, huyện mong muốn và chọn cửa hàng phù hợp trong danh sách kết quả.
Bước 5: Thanh Toán.
Quý khách có thể lựa chọn hình thức thanh toán bằng tiền mặt khi nhận hàng, trả góp qua nhà tài chính hoặc qua thẻ ATM và thẻ tín dụng hoặc theo chương trình bạn đồng hành F.Friends.
Nếu Quý khách chọn hình thức thanh toán tiền mặt khi nhận hàng, vui lòng bấm nút 'Đặt hàng' để hoàn tất.
Vậy là Quý khách đã hoàn tất việc đặt hàng và thanh toán, tư vấn viên của FPT Shop sẽ gọi điện để xác nhận đơn hàng trong thời gian sớm nhất, đồng thời giải đáp các thắc mắc liên quan nếu khách hàng có nhu cầu."
56,Chính sách đổi trả,Chính sách khui hộp sản phẩm,FPT Shop hỗ trợ đổi trả sản phẩm như thế nào?,"Khách hàng có thể đổi sản phẩm nếu phát hiện lỗi ngoại quan trước khi kích hoạt bảo hành điện tử hoặc ngay khi nhận hàng. Nếu sản phẩm có lỗi kỹ thuật của nhà sản xuất, khách hàng được đổi sản phẩm mới tại FPT Shop."
57,Chính sách máy đổi trả,Giới thiệu máy đổi trả,Chế độ bảo hành cho máy đổi trả tại FPT Shop như thế nào?,"Máy đổi trả tại FPT Shop được bảo hành 1 đổi 1 trong 30 ngày nếu có lỗi nhà sản xuất, và bảo hành theo chính sách của hãng nếu còn bảo hành mặc định. Hết bảo hành mặc định, FPT Shop bảo hành từ 1 đến 12 tháng tùy loại sản phẩm."
58, Quy định hỗ trợ kỹ thuật và sao lưu dữ liệu,Hỗ trợ kỹ thuật và sao lưu dữ liệu,FPT Shop có quy định hỗ trợ kỹ thuật và sao lưu dữ liệu như thế nào?,"Đối tượng áp dụng: Khách hàng có nhu cầu hỗ trợ phần mềm bảo hành sửa chữa sản phẩm tại FPT Shop.
Nhằm đảm bảo đầy đủ quyền lợi của khách hàng khi cài đặt, bảo hành sửa chữa sản phẩm, FPT Shop xin thông báo Quy định như sau:
    - Để bảo vệ dữ liệu cá nhân, Quý khách vui lòng sao lưu và XOÁ các dữ liệu cá nhân trước khi bàn giao sản phẩm cho nhân viên FPT Shop.
    - FPT Shop không chịu trách nhiệm về việc mất dữ liệu của Quý khách trong quá trình cài đặt, bảo hành sửa chữa.
    - Để đảm bảo Quyền lợi, Quý khách vui lòng ký xác nhận để thông tin bàn giao thiết bị của Quý khách được ghi nhận trên hệ thống FPT Shop.
    - FPT Shop không hỗ trợ cài đặt phần mềm không có bản quyền trên máy tính của Quý khách.
    - Quý khách vui lòng kiểm tra tài khoản iCloud/ Google và các tài khoản xã hội khác trên máy trước khi rời cửa hàng.
    - Tài khoản cài đặt trên máy phải là tài khoản cá nhân của Quý khách (chủ sở hữu máy).
    - Nếu chưa có tài khoản iCloud, Quý khách liên hệ NV Kỹ thuật để được hỗ trợ tạo Tài khoản iCloud (Apple ID)/ Google và các tài khoản khác miễn phí tại cửa hàng. Đồng thời yêu cầu nhân viên cung cấp thông tin, mật khẩu tài khoản vừa được tạo trước khi rời cửa hàng."
59,Chính sách bảo hành,Chính sách bảo hành,Chính sách bảo hành chung của sản phẩm tại FPT Shop như thế nào?,Tất cả sản phẩm tại FPT Shop đều là chính hãng và được bảo hành theo đúng chính sách của nhà sản xuất. FPT Shop cũng hỗ trợ gửi bảo hành miễn phí giúp khách hàng đối với cả sản phẩm mua tại Shop và các chuỗi bán lẻ khác.
60,Chính sách bảo hành,Chính sách bảo hành,Mua hàng tại FPT Shop có những đặc quyền bảo hành gì?,"Khi mua hàng tại FPT Shop, Quý khách được hưởng các đặc quyền:\n- Bảo hành đổi sản phẩm mới ngay tại shop trong 30 ngày nếu có lỗi NSX (áp dụng với sản phẩm thuộc diện đổi mới được công bố trên website Chính sách đổi trả).\n- Gửi bảo hành chính hãng không mất phí vận chuyển (trừ sản phẩm bảo hành tại nhà hoặc cồng kềnh).\n- Theo dõi tiến độ bảo hành nhanh chóng qua hotline hoặc tự tra cứu Tại đây: https://fptshop.com.vn/kiem-tra-bao-hanh?tab=thong-tin-bao-hanh.\n- Hỗ trợ làm việc với hãng để xử lý phát sinh trong quá trình bảo hành."
61,Chính sách bảo hành,Chính sách bảo hành,Những trường hợp nào sản phẩm không được bảo hành tại FPT Shop?,"Sản phẩm có thể không đủ điều kiện bảo hành hãng trong các trường hợp:\n- Hết hạn bảo hành (Tra cứu tại: https://fptshop.com.vn/kiem-tra-bao-hanh?tab=thoi-gian-bao-hanh).\n- Đã bị thay đổi, sửa chữa ngoài Trung Tâm Bảo Hành Ủy Quyền của Hãng.\n- Lắp đặt, bảo trì, sử dụng không đúng hướng dẫn Nhà sản xuất.\n- Lỗi do ngấm nước, chất lỏng, bụi bẩn (kể cả thiết bị IP68).\n- Bị biến dạng, nứt vỡ, cấn móp, trầy xước nặng do tác động nhiệt hoặc bên ngoài.\n- Có vết mốc, rỉ sét, bị ăn mòn, oxy hóa.\n- Bị hư hại do thiên tai, hỏa hoạn, lụt lội, sét đánh, côn trùng, động vật.\n- Bị khóa tài khoản cá nhân (Tài khoản khóa máy/màn hình, Xiaomi Cloud, Samsung Cloud, iCloud, Gmail...).\n- Sử dụng phần mềm, ứng dụng không chính hãng, không bản quyền.\n- Màn hình có bốn (04) điểm chết trở xuống."
62,Chính sách bảo hành,Chính sách bảo hành,Làm thế nào để tra cứu thời hạn bảo hành sản phẩm mua tại FPT Shop?,Quý khách có thể tra cứu thời hạn bảo hành sản phẩm của mình [Tại đây](https://fptshop.com.vn/kiem-tra-bao-hanh?tab=thoi-gian-bao-hanh).
63,Chính sách bảo hành,Chính sách bảo hành,Làm thế nào để tra cứu tình trạng sản phẩm gửi bảo hành tại FPT Shop?,Quý khách có thể tra cứu tình trạng máy gửi bảo hành bất cứ lúc nào Tại đây: https://fptshop.com.vn/kiem-tra-bao-hanh?tab=thong-tin-bao-hanh.
64,Chính sách bảo hành,Chính sách bảo hành,Cần lưu ý gì về dữ liệu cá nhân và mật khẩu khi gửi sản phẩm bảo hành tại FPT Shop?,"Trong quá trình thực hiện dịch vụ bảo hành, các nội dung lưu trữ trên sản phẩm của Quý khách sẽ bị xóa và định dạng lại. Quý khách vui lòng tự sao lưu toàn bộ dữ liệu và gỡ bỏ tất cả thông tin cá nhân muốn bảo mật. FPT Shop không chịu trách nhiệm về mất mát dữ liệu. Vui lòng tắt tất cả mật khẩu bảo vệ, FPT Shop sẽ từ chối tiếp nhận bảo hành nếu thiết bị bị khóa."
65,Chính sách bảo hành,Chính sách bảo hành,Chính sách bảo hành có khác nhau giữa các dòng sản phẩm không?,"Có, với mỗi dòng sản phẩm khác nhau sẽ có chính sách bảo hành khác nhau tùy theo chính sách của Hãng/Nhà cung cấp. Để tìm hiểu thông tin chi tiết về chính sách bảo hành cho sản phẩm cụ thể, xin liên hệ bộ phận Chăm sóc Khách hàng của FPT Shop 1800 6616."
66,Chính sách bảo hành,Chính sách bảo hành,Chính sách bảo hành của FPT ?,"Tất cả sản phẩm tại FPT Shop kinh doanh đều là sản phẩm chính hãng và được bảo hành theo đúng chính sách của nhà sản xuất(*). Ngoài ra FPT Shop cũng hỗ trợ gửi bảo hành miễn phí giúp khách hàng đối với cả sản phẩm do FPT Shop bán ra và sản phẩm Quý khách mua tại các chuỗi bán lẻ khác.
Mua hàng tại FPT Shop, Quý khách sẽ được hưởng những đặc quyền sau:
    - Bảo hành đổi sản phẩm mới ngay tại shop trong 30 ngày nếu có lỗi NSX.(**)
    - Gửi bảo hành chính hãng không mất phí vận chuyển.(***)
    - Theo dõi tiến độ bảo hành nhanh chóng qua kênh hotline hoặc tự tra cứu Tại đây.
    - Hỗ trợ làm việc với hãng để xử lý phát sinh trong quá trình bảo hành.
Bên cạnh đó Quý khách có thể tham khảo một số các trường hợp thường gặp nằm ngoài chính sách bảo hành sau để xác định sơ bộ máy có đủ điều kiện bảo hành hãng:
    - Sản phẩm hết hạn bảo hành (Vui lòng tra cứu thời hạn bảo hành sản phẩm tại (https://fptshop.com.vn/kiem-tra-bao-hanh?tab=thong-tin-bao-hanh)
    - Sản phẩm đã bị thay đổi, sửa chữa không thuộc các Trung Tâm Bảo Hành Ủy Quyền của Hãng.
    - Sản phẩm lắp đặt, bảo trì, sử dụng không đúng theo hướng dẫn của Nhà sản xuất gây ra hư hỏng.
    - Sản phẩm lỗi do ngấm nước, chất lỏng và bụi bẩn. Quy định này áp dụng cho cả những thiết bị đạt chứng nhận kháng nước/kháng bụi cao nhất là IP68.
    - Sản phẩm bị biến dạng, nứt vỡ, cấn móp, trầy xước nặng do tác động nhiệt, tác động bên ngoài.
    - Sản phẩm có vết mốc, rỉ sét hoặc bị ăn mòn, oxy hóa bởi hóa chất.
    - Sản phẩm bị hư hại do thiên tai, hỏa hoạn, lụt lội, sét đánh, côn trùng, động vật vào.
    - Sản phẩm trong tình trạng bị khóa tài khoản cá nhân như: Tài khoản khóa máy/màn hình, khóa tài khoản trực tuyến Xiaomi Cloud, Samsung Cloud, iCloud, Gmail...
    - Khách hàng sử dụng phần mềm, ứng dụng không chính hãng, không bản quyền.
    - Màn hình có bốn (04) điểm chết trở xuống.
Lưu ý:
    - Chương trình bảo hành bắt đầu có hiệu lực từ thời điểm FPT Shop xuất hóa đơn cho Quý khách.
    - Với mỗi dòng sản phẩm khác nhau sẽ có chính sách bảo hành khác nhau tùy theo chính sách của Hãng/Nhà cung cấp.
    - Để tìm hiểu thông tin chi tiết về chính sách bảo hành cho sản phẩm cụ thể, xin liên hệ bộ phận Chăm sóc Khách hàng của FPT Shop 1800 6616.
    - Tra cứu tình trạng máy gửi bảo hành bất cứ lúc nào Tại đây.
    - Trong quá trình thực hiện dịch vụ bảo hành, các nội dung lưu trữ trên sản phẩm của Quý khách sẽ bị xóa và định dạng lại. Do đó, Quý khách vui lòng tự sao lưu toàn bộ dữ liệu trong sản phẩm, đồng thời gỡ bỏ tất cả các thông tin cá nhân mà Quý khách muốn bảo mật. FPT Shop không chịu trách nhiệm đối với bất kỳ mất mát nào liên quan tới các chương trình phần mềm, dữ liệu hoặc thông tin nào khác lưu trữ trên sản phẩm bảo hành.
    - Vui lòng tắt tất cả các mật khẩu bảo vệ, FPT Shop sẽ từ chối tiếp nhận bảo hành nếu thiết bị của bạn bị khóa bởi bất cứ phương pháp nào.
(*) Áp dụng với các sản phẩm bán mới hoặc còn hạn bảo hành mặc định nếu đã qua sử dụng.
(**) Áp dụng với các sản phẩm thuộc diện đổi mới trong 30 ngày nếu có lỗi NSX được công bố trên website Chính sách đổi trả.
(***) Trừ các sản phẩm có chính sách bảo hành tại nhà, sản phẩm thuộc diện cồng kềnh."
67,Nguồn gốc máy đổi trả,Chính sách Giới thiệu máy đổi trả,Máy cũ (máy đổi trả) được bán tại FPT Shop có nguồn gốc từ đâu?,"Máy cũ kinh doanh tại FPT Shop là các sản phẩm có nguồn gốc tin cậy, còn đủ điều kiện bảo hành và được FPT Shop kiểm tra kỹ lưỡng. Chúng bao gồm: máy trưng bày (demo) tại cửa hàng và máy đã qua sử dụng được thu lại từ khách hàng theo chính sách đổi trả/bảo hành (đã được bảo hành chính hãng và FPT Shop kiểm tra chất lượng)."
68,,Chính sách Giới thiệu máy đổi trả,"Nếu tôi mua máy cũ ở FPT Shop mà bị lỗi do nhà sản xuất, tôi có được đổi máy khác không?","Có, FPT Shop có chính sách 1 đổi 1 máy tương đương trong vòng 30 ngày nếu máy có lỗi nhà sản xuất (theo kết quả kết luận của hãng). Nếu không có máy tương đương, bạn có thể đổi sang sản phẩm khác cao tiền hơn hoặc FPT Shop sẽ thu hồi lại máy."
69,thời gian bảo hành cho máy cũ,Chính sách Giới thiệu máy đổi trả,Thời gian bảo hành cho máy cũ mua tại FPT Shop là bao lâu?," Nếu máy còn bảo hành mặc định của hãng, FPT Shop sẽ áp dụng theo chính sách của hãng. Trường hợp máy đã hết bảo hành mặc định, máy sẽ được bảo hành từ 1 đến 12 tháng theo chính sách của FPT Shop, tùy từng loại sản phẩm."
70,thời hạn bảo hành cụ thể của máy cũ,Chính sách Giới thiệu máy đổi trả,Làm thế nào để biết được thời hạn bảo hành cụ thể của máy cũ mình đã mua tại FPT Shop?,Hạn bảo hành của sản phẩm máy cũ được thể hiện trên hóa đơn bán hàng và trên website chính thức của FPT Shop tại địa chỉ (fptshop.com.vn).
71,địa điểm bảo hành máy cũ,Chính sách Giới thiệu máy đổi trả,Tôi có thể mang máy cũ đã mua ở FPT Shop đến đâu để được bảo hành?,Khách hàng có thể mang máy đến bảo hành tại tất cả các cửa hàng FPT Shop trên toàn quốc.
72,đặt giữ máy cũ,Chính sách Giới thiệu máy đổi trả,FPT Shop có cho phép đặt giữ máy cũ nếu tôi tìm thấy sản phẩm ưng ý trên website không?,"Có, nếu khách hàng tìm thấy sản phẩm máy cũ vừa ý trên website, có thể đặt giữ hàng trong vòng 24 tiếng."
73,chất lượng máy cũ ,Chính sách Giới thiệu máy đổi trả,Máy đã qua sử dụng được bán tại FPT Shop có được đảm bảo về chất lượng không?,"Có, máy đã qua sử dụng là máy được thu lại từ khách hàng theo chính sách đổi trả/bảo hành, đã được bảo hành chính hãng và được FPT Shop kiểm tra chất lượng kỹ lưỡng trước khi bán ra."
74,điều kiện áp dụng 1 đổi 1 cho máy cũ,Chính sách Giới thiệu máy đổi trả,Điều kiện cụ thể để FPT Shop áp dụng chính sách 1 đổi 1 cho máy cũ trong 30 ngày là gì?,Điều kiện để được 1 đổi 1 là máy phải có lỗi từ nhà sản xuất và lỗi này phải được xác nhận bởi kết luận của hãng sản xuất.
75,Điều kiện đổi trả sản phẩm,Chính sách đổi trả,Khách hàng cần đáp ứng những điều kiện gì để sản phẩm của mình được FPT Shop chấp nhận đổi trả?,"Để đủ điều kiện đổi trả, sản phẩm của khách hàng phải chưa sử dụng và còn giữ nguyên 100% hình dạng ban đầu, hoặc nếu đã sử dụng thì phải đảm bảo: màn hình không trầy xước; đủ điều kiện bảo hành theo chính sách của hãng, không có các tình trạng bất thường về chức năng và ngoại quan (ví dụ: mất/chập chờn nguồn, treo đơ, cấn móp, sứt mẻ, nứt, vỡ, đọng nước/hơi ẩm, có mùi khét,…); và máy đã được đăng xuất khỏi tất cả các tài khoản như iCloud, Google Account, Mi Account."
76,Các loại phí khi đổi trả,Chính sách đổi trả,"Khi đổi trả sản phẩm tại FPT Shop, khách hàng có thể phải chịu những khoản phí nào?","Các phí có thể phát sinh khi đổi trả bao gồm: phí khấu hao, phí vỏ hộp (nếu mất), phí phụ kiện (nếu thiếu), phí trầy xước, phí hóa đơn công ty nếu không có biên bản thu hồi (áp dụng khi trả hàng trong 30 ngày), và số tiền tương đương giá trị quà tặng khuyến mãi đi kèm nếu bạn không hoàn trả chúng. FPT Shop sẽ kiểm tra tình trạng máy và thông báo cụ thể về mức phí phải thu tại cửa hàng."
77,Đổi trả sản phẩm mới lỗi NSX (0-30 ngày),Chính sách đổi trả,"Nếu điện thoại/máy tính mới mua của khách hàng bị lỗi do nhà sản xuất trong vòng 30 ngày đầu, FPT Shop có chính sách gì?","Trong 0 – 30 ngày đầu, nếu sản phẩm mới bị lỗi do nhà sản xuất, FPT Shop áp dụng chính sách 1 đổi 1 sản phẩm chính (cùng model, màu sắc, dung lượng). Nếu sản phẩm đó hết hàng, khách hàng có thể đổi sang sản phẩm tương đương hoặc cao hơn về giá trị. Nếu khách hàng muốn trả sản phẩm, phí khấu hao khi trả hàng là 30% trong tháng đầu tiên."
78,Bảo hành/Đổi trả sản phẩm mới lỗi NSX (31-365 ngày),Chính sách đổi trả,"Sản phẩm mới của khách hàng bị lỗi do nhà sản xuất sau 30 ngày nhưng vẫn trong 1 năm bảo hành, FPT Shop sẽ giải quyết thế nào?","Từ ngày thứ 31 đến ngày thứ 365, nếu sản phẩm mới bị lỗi do nhà sản xuất, FPT Shop sẽ gửi máy đi bảo hành theo quy định của hãng. Nếu bạn muốn đổi hoặc trả sản phẩm trong trường hợp này, FPT Shop sẽ kiểm tra tình trạng máy và thông báo giá trị thu lại, với phí khấu hao là 30% trong tháng đầu tiên, mỗi tháng tiếp theo tính thêm 5%."
79,Đổi trả sản phẩm mới theo nhu cầu,Chính sách đổi trả,Khách hàng có được đổi trả sản phẩm mới tại FPT Shop nếu không phải do lỗi mà chỉ vì đổi ý không muốn dùng nữa không?,"Có, trong vòng 365 ngày kể từ ngày mua, khách hàng có thể đổi sang sản phẩm khác hoặc trả sản phẩm theo nhu cầu cá nhân. FPT Shop sẽ kiểm tra tình trạng máy và thông báo giá trị thu lại theo quy định, áp dụng phí khấu hao là 30% trong tháng đầu tiên, và mỗi tháng tiếp theo tính thêm 5%."
80,Phí trầy xước khi đổi trả,Chính sách đổi trả,Nếu sản phẩm của tôi bị trầy xước thì khi đổi trả có bị tính phí không và mức phí là bao nhiêu?,"Có, FPT Shop có quy định về phí trầy xước. Cụ thể:\nTrầy xước mức độ 1 (xước nhẹ, nhỏ <=0,5cm, ít <=2 điểm tại vị trí khuất): 0% phí.\nTrầy xước mức độ 2 (xước >0,5cm hoặc >=3 điểm tại vị trí khuất hoặc có xước tại vị trí dễ nhìn thấy): 10% phí (ngoại trừ phụ kiện, dịch vụ, Điện máy, sản phẩm thiết bị dịch vụ).\nTrầy xước mức độ 3 (xước màn hình): Không áp dụng đổi trả."
81,"Phí mất vỏ hộp, phụ kiện khi đổi trả",Chính sách đổi trả,"Nếu tôi làm mất vỏ hộp hoặc thiếu phụ kiện đi kèm của sản phẩm mới, khi đổi trả tôi có bị trừ phí không?","Có, nếu bạn làm mất vỏ hộp, phí sẽ là 2% giá trị sản phẩm. Nếu thiếu phụ kiện, phí là 5% giá trị sản phẩm cho mỗi món phụ kiện bị thiếu."
82,Đổi trả sản phẩm cũ lỗi NSX (0-30 ngày),Chính sách đổi trả,Chính sách đổi trả cho sản phẩm cũ (đã qua sử dụng) mua tại FPT Shop nếu bị lỗi do nhà sản xuất trong 30 ngày đầu là gì?,"Đối với sản phẩm cũ bị lỗi do nhà sản xuất, trong 0 – 30 ngày đầu, FPT Shop áp dụng chính sách 1 đổi 1 sản phẩm chính (cùng model, dung lượng, thời gian bảo hành). Nếu không có sản phẩm tương đương để đổi, FPT Shop sẽ hoàn tiền 100% giá trị sản phẩm cho khách hàng."
83,Đổi trả sản phẩm cũ theo nhu cầu,Chính sách đổi trả,Tôi có thể đổi hoặc trả sản phẩm cũ (đã qua sử dụng) đã mua tại FPT Shop nếu tôi không thích hoặc không còn nhu cầu sử dụng không?,"Không, FPT Shop không áp dụng chính sách đổi trả hàng cho sản phẩm cũ theo nhu cầu của khách hàng."
84,Hỗ trợ sản phẩm lỗi do người dùng,Chính sách đổi trả,"Nếu sản phẩm (cả mới và cũ) của tôi bị hỏng do lỗi của tôi (ví dụ làm rơi, vào nước), FPT Shop có hỗ trợ sửa chữa không?","Có, trong trường hợp sản phẩm bị lỗi do người dùng, FPT Shop hỗ trợ gửi máy đi sửa chữa và khách hàng sẽ tự trả phí sửa chữa. Chính sách này áp dụng cho cả sản phẩm mới và sản phẩm cũ."
85,Đổi trả sản phẩm mua trả góp,Chính sách đổi trả,"Tôi mua sản phẩm trả góp qua công ty tài chính, vậy trước khi muốn đổi trả sản phẩm tại FPT Shop, tôi cần làm gì?","Đối với sản phẩm mua trả góp qua Nhà trả góp, khách hàng bắt buộc phải thực hiện Hủy hợp đồng hoặc Tất toán hợp đồng trả góp với công ty tài chính đó trước khi tiến hành đổi trả sản phẩm tại FPT Shop."
86,"Đổi trả phụ kiện mua kèm (ốp lưng, bao da)",Chính sách đổi trả,"Tôi mua ốp lưng/bao da kèm theo điện thoại/máy tính bảng. Nếu máy chính bị lỗi và được trả lại, tôi có được trả lại ốp lưng/bao da không?","Có, FPT Shop hỗ trợ nhập trả lại phụ kiện ốp lưng, bao da mua kèm máy (Điện thoại di động/ Máy tính bảng) trong trường hợp khách hàng trả lại máy chính do lỗi của nhà sản xuất."
87,Đổi trả phụ kiện đi kèm sản phẩm chính,Chính sách đổi trả,"Các phụ kiện đi kèm trong hộp sản phẩm chính (như sạc, cáp, tai nghe) có được áp dụng chính sách đổi trả không?","Không, các phụ kiện đi kèm máy hoặc sản phẩm chính không được áp dụng chính sách đổi trả. Chúng chỉ được áp dụng chính sách bảo hành của hãng (nếu có)."
88,Phí hóa đơn công ty khi trả hàng,Chính sách đổi trả,"Nếu tôi trả lại sản phẩm đã xuất hóa đơn công ty trong vòng 30 ngày nhưng không có biên bản thu hồi hóa đơn, tôi có phải chịu phí không?","Có, nếu trả hàng trong vòng 30 ngày, sản phẩm đã được xuất hóa đơn công ty và khách hàng không cung cấp được biên bản thu hồi hóa đơn, khách hàng sẽ phải chịu một khoản phí là 10% giá trị sản phẩm."
89,Hoàn trả quà tặng khuyến mãi,Chính sách đổi trả,"Khi đổi trả sản phẩm, nếu tôi không hoàn trả lại các quà tặng khuyến mãi đã nhận kèm theo thì sao?","Nếu khách hàng không hoàn trả quà tặng khuyến mãi đi kèm khi đổi trả sản phẩm, khách hàng sẽ phải thanh toán một số tiền tương đương với giá trị của các quà tặng đó."
